GeneID,p_val,avg_logFC,pct.1,pct.2,p_val_adj
NEUROD6,0,2.829740943,0.789,0.028,0
NEUROD2,0,1.866786433,0.677,0.074,0
SOX11,0,1.763234798,0.877,0.431,0
NFIB,0,1.586550025,0.889,0.312,0
FOXG1,0,1.440844668,0.661,0,0
SOX4,0,1.410494282,0.966,0.788,0
DCX,0,1.374692373,0.823,0.307,0
LINC01551,0,1.312233833,0.579,0.001,0
BCL11A,0,1.260648418,0.595,0.086,0
SLA,0,1.237215828,0.464,0.002,0
C1orf61,0,1.169996261,0.902,0.294,0
TMEM161B-AS1,0,1.165574768,0.738,0.231,0
FDFT1,0,1.126246133,0.789,0.319,0
TCF4,0,1.111260077,0.727,0.244,0
FABP7,0,1.098045546,0.919,0.553,0
CSRP2,0,1.092229621,0.692,0.323,0
BASP1,0,1.082502051,0.794,0.365,0
TUBB,0,1.075666168,0.981,0.877,0
SFRP1,0,1.071855037,0.405,0.061,0
GPM6A,0,1.053429545,0.817,0.463,0
MAP1B,0,1.021843792,0.961,0.763,0
ELAVL3,0,0.966851399,0.594,0.108,0
MEIS2,0,0.9626598,0.59,0.134,0
NELL2,0,0.950437676,0.479,0.127,0
CRMP1,0,0.945967734,0.731,0.314,0
JPT1,0,0.945748132,0.931,0.686,0
RTN1,0,0.932643095,0.755,0.369,0
PPP2R2B,0,0.902934351,0.573,0.142,0
MARCKSL1,0,0.870043723,0.97,0.836,0
ABRACL,0,0.869541443,0.574,0.179,0
FEZ1,0,0.866582511,0.773,0.319,0
CAMKV,0,0.857864368,0.399,0.037,0
TUBB2B,0,0.857731319,0.979,0.866,0
ENC1,0,0.854278534,0.51,0.143,0
TUBA1A,0,0.837409174,0.998,0.99,0
NR2F1,0,0.834406262,0.579,0.166,0
KIF5C,0,0.809875152,0.573,0.159,0
PAFAH1B3,0,0.797920694,0.786,0.466,0
FXYD6,0,0.797768004,0.773,0.402,0
MLLT11,0,0.768947148,0.898,0.719,0
CHD3,0,0.766772463,0.485,0.129,0
SOX5,0,0.763995972,0.333,0.019,0
ACTB,0,0.763584373,0.986,0.943,0
CENPV,0,0.755509555,0.724,0.341,0
CFL1,0,0.747124498,0.952,0.832,0
LINC00461,0,0.724025884,0.555,0.133,0
NSG1,0,0.723533068,0.595,0.205,0
ZNF428,0,0.721305747,0.862,0.593,0
LHX2,0,0.713644475,0.31,0.008,0
EMX1,0,0.699802288,0.315,0.005,0
ELAVL4,0,0.694342445,0.532,0.138,0
TMSB4X,0,0.689717433,1,1,0
TUBB2A,0,0.653003039,0.871,0.65,0
CCNI,0,0.551248863,0.937,0.839,0
YBX1,0,0.454877615,0.981,0.943,0
ACTG1,0,0.439201777,0.981,0.956,0
RPLP1,0,-0.401469297,0.985,0.996,0
RPL8,0,-0.406293088,0.975,0.979,0
RPL21,0,-0.423661218,0.984,0.99,0
RPL12,0,-0.543588624,0.954,0.962,0
SERF2,0,-0.683533428,0.869,0.941,0
ZIC1,0,-0.706071988,0.004,0.304,0
HSPB1,0,-0.782799846,0.334,0.734,0
LHX9,0,-0.838660335,0.013,0.301,0
FTL,0,-0.867791202,0.961,0.985,0
AANAT,0,-0.870687358,0.001,0.27,0
MIF,0,-0.881729722,0.453,0.735,0
SCAND1,0,-0.890231584,0.157,0.576,0
KCNIP4,0,-0.927786963,0.003,0.3,0
LDHA,0,-0.957818576,0.322,0.696,0
TPPP3,0,-0.997117798,0.008,0.284,0
CD63,0,-1.032996179,0.502,0.833,0
OTX2,0,-1.074549052,0.002,0.4,0
ANXA2,0,-1.076526984,0.051,0.426,0
TIMP1,0,-1.085198054,0.079,0.482,0
S100B,0,-1.109160446,0.013,0.3,0
DCT,0,-1.159873827,0.003,0.287,0
DCN,0,-1.192703974,0.027,0.334,0
NEAT1,0,-1.24408367,0.075,0.484,0
CRABP2,0,-1.269851051,0.04,0.445,0
PCAT4,0,-1.287534223,0,0.289,0
ID1,0,-1.358962359,0.04,0.506,0
IFITM3,0,-1.424319953,0.101,0.524,0
PTGDS,0,-1.559170102,0.042,0.466,0
GSG1,0,-1.580587243,0.005,0.34,0
ID3,0,-1.687424779,0.034,0.553,0
LGALS1,0,-1.872024113,0.068,0.591,0
RBP1,0,-1.89787824,0.109,0.763,0
SERPINF1,0,-1.922951071,0.015,0.64,0
GNB3,0,-1.99235725,0.022,0.502,0
IGFBP7,0,-2.253893083,0.01,0.705,0
APOE,0,-2.279694068,0.028,0.642,0
TPH1,0,-2.280706614,0.001,0.376,0
TTR,0,-3.604265901,0.313,1,0
MT-ND2,2.35E-307,-0.576335117,0.931,0.968,7.78E-303
ZBTB18,1.31E-306,0.747983097,0.432,0.087,4.33E-302
RBFOX2,2.28E-305,0.773582873,0.505,0.151,7.52E-301
RTN4,6.63E-305,0.576262551,0.89,0.713,2.19E-300
MGP,5.94E-303,-1.413377325,0.006,0.275,1.96E-298
HMGCS1,8.21E-301,0.793267368,0.702,0.35,2.71E-296
CLU,1.73E-298,-1.216638217,0.291,0.643,5.73E-294
MEF2C,1.24E-294,1.099611541,0.333,0.032,4.11E-290
TTC9B,2.79E-294,0.732519262,0.475,0.117,9.23E-290
RPS6,4.16E-283,-0.465896071,0.979,0.984,1.38E-278
NDUFA4L2,2.24E-281,-1.456637302,0.051,0.344,7.40E-277
SPARCL1,5.34E-280,-1.156620379,0.004,0.253,1.77E-275
DDAH2,9.27E-280,0.697604958,0.808,0.571,3.06E-275
DOK5,1.06E-278,0.999006259,0.461,0.143,3.49E-274
HNRNPA1,7.14E-278,0.465013893,0.957,0.892,2.36E-273
ATAT1,1.66E-276,0.686666273,0.557,0.207,5.49E-272
ZIC4,8.87E-276,-0.550707091,0.002,0.244,2.93E-271
CELF2,1.72E-275,0.692436754,0.581,0.239,5.68E-271
TPD52L1,4.41E-275,-0.72355212,0.006,0.254,1.46E-270
TTC3,2.64E-274,0.577519393,0.876,0.722,8.72E-270
RPL23A,2.84E-274,-0.404639351,0.966,0.969,9.39E-270
WLS,1.44E-273,-0.650846813,0.005,0.251,4.75E-269
PAK5,5.99E-273,0.632545789,0.315,0.029,1.98E-268
GRIA2,1.71E-271,0.790272177,0.392,0.076,5.64E-267
TSPAN13,1.22E-270,0.696036601,0.554,0.204,4.02E-266
COL3A1,1.31E-270,-1.42335494,0.007,0.254,4.33E-266
PPA1,8.77E-270,0.593401148,0.773,0.492,2.90E-265
NEFL,8.72E-269,-1.052309283,0.034,0.307,2.88E-264
CHCHD10,5.01E-268,-0.79581112,0.184,0.506,1.65E-263
CYBA,1.01E-267,-0.585785405,0.004,0.244,3.35E-263
ZIC2,1.03E-267,-0.701264496,0.036,0.311,3.41E-263
TPBG,4.09E-266,-0.711872534,0.005,0.244,1.35E-261
NEUROD1,1.06E-265,-1.317413393,0.091,0.382,3.49E-261
CD44,1.48E-265,-0.679371086,0.005,0.245,4.91E-261
PERP,2.91E-264,-0.570776382,0.008,0.251,9.61E-260
S100A11,5.74E-264,-0.870286443,0.006,0.245,1.90E-259
S100A13,1.26E-263,-0.593908069,0.022,0.281,4.15E-259
RAB3A,1.15E-262,0.721027005,0.547,0.206,3.80E-258
ACTR3B,2.72E-262,0.703630474,0.381,0.079,9.00E-258
FOLR1,1.26E-261,-0.703359784,0.003,0.237,4.15E-257
COL1A2,7.60E-261,-1.271945404,0.009,0.251,2.51E-256
HDAC2,3.95E-260,0.589369049,0.809,0.578,1.30E-255
ID2,5.31E-260,0.901722468,0.698,0.39,1.75E-255
CRYAB,6.30E-258,-0.911608901,0.022,0.278,2.08E-253
BSG,4.24E-255,-0.719666457,0.62,0.786,1.40E-250
MIAT,1.87E-254,0.630872987,0.433,0.108,6.20E-250
UCHL1,2.58E-253,0.558176243,0.846,0.608,8.52E-249
SEZ6,3.81E-251,0.597762128,0.294,0.027,1.26E-246
CPLX3,4.04E-251,-0.778613362,0.005,0.233,1.33E-246
STMN4,1.62E-250,0.587011889,0.79,0.45,5.34E-246
AC004852.2,4.65E-250,-0.826566026,0,0.221,1.54E-245
MAPT,1.68E-249,0.722528122,0.515,0.185,5.54E-245
PKM,4.63E-249,-0.687316273,0.716,0.859,1.53E-244
CXCR4,2.44E-248,-0.939767222,0.089,0.381,8.06E-244
FAM49A,6.39E-247,0.621027552,0.314,0.042,2.11E-242
CCND2,1.92E-246,0.668234353,0.483,0.166,6.35E-242
STMN2,2.42E-245,0.810689184,0.836,0.747,7.99E-241
NDUFA4,1.34E-243,-0.503673331,0.912,0.943,4.43E-239
MYL6,5.02E-243,-0.469218445,0.902,0.94,1.66E-238
CD9,1.12E-242,-0.829659278,0.062,0.339,3.69E-238
ESD,3.72E-241,-0.787973203,0.484,0.715,1.23E-236
CARHSP1,1.59E-240,0.64267877,0.607,0.285,5.24E-236
TMSB15A,4.73E-240,0.555308838,0.727,0.386,1.56E-235
HES6,3.97E-239,0.891407408,0.515,0.19,1.31E-234
MSMO1,8.54E-239,0.625855561,0.703,0.388,2.82E-234
IMPG2,4.34E-238,-0.704145874,0.001,0.211,1.43E-233
EEF2,3.28E-237,0.383431482,0.964,0.895,1.08E-232
HSBP1,3.53E-237,-0.556312769,0.762,0.867,1.17E-232
PDE1A,9.80E-237,0.63208512,0.291,0.033,3.24E-232
MDK,4.07E-236,-0.922194021,0.503,0.725,1.35E-231
CCDC80,3.76E-235,-0.571356151,0.005,0.221,1.24E-230
POLR2L,4.76E-235,-0.650850099,0.544,0.749,1.57E-230
TMSB10,1.83E-232,0.440737387,0.993,0.983,6.05E-228
MEST,2.80E-229,-0.799909181,0.131,0.425,9.26E-225
IFITM2,3.60E-228,-0.711993604,0.037,0.282,1.19E-223
SRGAP1,1.06E-226,0.638070691,0.405,0.115,3.49E-222
ASS1,1.24E-224,-0.536797806,0.006,0.215,4.08E-220
MT-ND3,2.26E-224,-0.53582541,0.901,0.936,7.46E-220
FRMD4B,3.88E-224,0.588038999,0.306,0.048,1.28E-219
NREP,1.65E-223,0.572590264,0.836,0.67,5.45E-219
PLA2G16,7.46E-222,-0.509205384,0.014,0.231,2.47E-217
11-Sep,1.79E-220,0.607340893,0.653,0.356,5.92E-216
ZNF462,1.39E-219,0.710725577,0.484,0.184,4.59E-215
SMARCA4,4.39E-219,0.602788577,0.613,0.321,1.45E-214
FCGRT,1.15E-218,-0.525362713,0.012,0.225,3.80E-214
NEDD4L,2.90E-216,0.548220545,0.363,0.085,9.60E-212
BCL11B,1.23E-215,0.614618364,0.259,0.026,4.06E-211
SQLE,3.10E-215,0.602736864,0.67,0.381,1.02E-210
HNRNPDL,8.72E-215,0.447292735,0.902,0.767,2.88E-210
TBR1,1.18E-214,0.513340644,0.224,0.007,3.91E-210
FOS,2.37E-214,-0.848425826,0.133,0.425,7.83E-210
GPX4,1.30E-212,-0.586851833,0.577,0.77,4.31E-208
APOC1,1.54E-212,-0.729776606,0.033,0.26,5.08E-208
CD24,1.57E-212,0.604985658,0.753,0.507,5.19E-208
ISOC1,8.13E-212,-1.192509807,0.071,0.32,2.69E-207
NTF3,1.56E-211,-0.516128053,0.001,0.19,5.17E-207
YWHAQ,1.67E-211,0.415650935,0.91,0.778,5.51E-207
RARRES2,1.89E-208,-0.815407908,0.06,0.306,6.24E-204
THRA,7.20E-205,0.61725256,0.472,0.187,2.38E-200
RPL13A,3.62E-204,-0.278481928,0.995,0.996,1.20E-199
CXCL14,6.16E-204,-0.845753702,0.014,0.216,2.04E-199
RPL41,9.02E-204,-0.335309918,0.989,0.995,2.98E-199
SPARC,3.32E-203,-0.959060556,0.129,0.395,1.10E-198
MEX3A,6.51E-203,0.592867599,0.477,0.189,2.15E-198
C9orf24,4.48E-202,-0.793886237,0.026,0.239,1.48E-197
CLDN5,6.74E-202,-0.709133494,0.014,0.213,2.23E-197
SNAP25,7.91E-199,0.705573422,0.532,0.241,2.62E-194
TPGS1,1.37E-198,-0.437847025,0.019,0.225,4.54E-194
FRZB,6.40E-198,-0.973155145,0.023,0.228,2.11E-193
NCAM1,1.72E-197,0.512850135,0.505,0.207,5.69E-193
CKB,5.16E-197,0.473382305,0.928,0.761,1.71E-192
SSBP2,2.21E-196,0.722221438,0.473,0.203,7.29E-192
CDK5R1,2.63E-196,0.512066762,0.372,0.102,8.70E-192
EZR,5.42E-196,0.658368044,0.447,0.172,1.79E-191
COL1A1,6.11E-196,-1.308724728,0.006,0.192,2.02E-191
ASMT,2.97E-194,-0.733954775,0,0.175,9.83E-190
FKBP2,1.33E-193,-0.613281125,0.385,0.64,4.40E-189
EFNB2,2.23E-193,0.509708263,0.296,0.058,7.38E-189
H2AFJ,4.02E-193,-0.536230948,0.073,0.316,1.33E-188
RCVRN,3.29E-192,-1.112906378,0.001,0.176,1.09E-187
H3F3B,1.03E-191,-0.475879636,0.955,0.966,3.40E-187
PTPRZ1,3.84E-191,0.513790954,0.331,0.077,1.27E-186
3-Sep,1.20E-190,0.455386261,0.305,0.062,3.96E-186
RNF24,9.28E-190,0.51889876,0.358,0.098,3.07E-185
PLXNA2,6.19E-189,0.520916832,0.246,0.031,2.04E-184
RHOC,7.68E-189,-0.593883999,0.114,0.376,2.54E-184
PODXL2,1.81E-188,-0.70007261,0.11,0.356,6.00E-184
YWHAE,1.41E-187,0.411614821,0.884,0.741,4.65E-183
DBN1,2.86E-187,0.536429429,0.577,0.294,9.44E-183
C1orf216,5.25E-187,0.497935543,0.271,0.046,1.73E-182
POU3F3,5.31E-187,0.487412788,0.256,0.037,1.75E-182
KRT8,1.20E-186,-0.499529711,0.007,0.186,3.96E-182
CELF5,2.35E-186,0.445071837,0.328,0.075,7.76E-182
RPL27A,4.79E-186,-0.277622038,0.979,0.98,1.58E-181
FEZF2,5.66E-186,0.454909161,0.182,0.001,1.87E-181
SHTN1,5.69E-186,0.536668249,0.351,0.095,1.88E-181
JUNB,9.66E-186,-0.756833114,0.142,0.4,3.19E-181
PMEL,2.28E-185,-0.790743718,0,0.167,7.52E-181
CEP170,4.32E-184,0.486288869,0.398,0.127,1.43E-179
COX17,1.05E-183,-0.673996556,0.283,0.547,3.46E-179
C19orf81,1.63E-182,-0.424204199,0.02,0.212,5.40E-178
TRIM2,1.81E-182,0.499651127,0.427,0.155,5.99E-178
DSCR8,1.35E-181,-0.453284158,0,0.163,4.47E-177
SPOCK2,1.58E-181,-0.48004222,0.013,0.195,5.24E-177
ELP4,3.52E-181,-0.620950042,0.058,0.277,1.16E-176
LUM,4.46E-181,-1.072874063,0.006,0.178,1.48E-176
GPC2,5.98E-181,0.542229685,0.373,0.11,1.98E-176
TUBA4A,9.78E-181,-0.573190219,0.013,0.195,3.23E-176
MLLT3,1.43E-178,0.501055109,0.325,0.085,4.74E-174
ATP5F1E,1.81E-178,-0.374410585,0.905,0.937,5.97E-174
HNRNPA0,4.90E-178,0.440793914,0.837,0.673,1.62E-173
NTRK2,1.12E-177,-0.704884071,0.044,0.251,3.71E-173
CA2,3.47E-177,-0.614547383,0.012,0.189,1.15E-172
VAMP5,1.70E-176,-0.475437558,0.005,0.173,5.61E-172
SAMD11,1.88E-175,-0.464502539,0.001,0.16,6.21E-171
C3orf14,2.41E-175,0.518147273,0.548,0.265,7.98E-171
COTL1,5.49E-175,0.530202788,0.527,0.263,1.82E-170
TUBB4B,3.30E-174,-0.701469148,0.478,0.687,1.09E-169
MT-CO2,5.03E-174,-0.406864995,0.962,0.984,1.66E-169
RTN3,1.15E-173,0.415669141,0.837,0.637,3.79E-169
C12orf57,1.78E-173,0.437553206,0.807,0.616,5.87E-169
MN1,1.86E-173,0.473553924,0.234,0.032,6.14E-169
ANP32A,1.56E-172,0.527061751,0.519,0.258,5.16E-168
YWHAH,2.14E-172,0.439242279,0.73,0.486,7.07E-168
IL11RA,3.65E-172,-0.486811892,0.022,0.207,1.21E-167
NRL,6.30E-172,-0.834795904,0.011,0.181,2.08E-167
BHLHE22,1.23E-171,0.465064086,0.205,0.016,4.07E-167
LMO3,3.01E-171,0.932514568,0.257,0.046,9.95E-167
NENF,8.99E-171,-0.588319565,0.223,0.482,2.97E-166
YWHAZ,1.95E-170,0.474249389,0.721,0.498,6.44E-166
SERPINH1,6.22E-170,-0.582444322,0.082,0.312,2.05E-165
GNAO1,8.53E-170,0.441950998,0.291,0.064,2.82E-165
LINC02609,1.74E-169,-0.401945509,0.006,0.17,5.75E-165
SULT4A1,2.20E-169,0.430418276,0.237,0.033,7.26E-165
ACAT2,5.85E-169,0.59553979,0.504,0.242,1.94E-164
STMN1,1.33E-168,0.360041371,0.973,0.944,4.39E-164
MYL9,2.28E-168,-0.377504329,0.001,0.156,7.53E-164
BZW2,2.69E-168,0.518887261,0.415,0.159,8.89E-164
BST2,2.81E-168,-0.689202514,0.037,0.233,9.30E-164
SPATC1L,6.98E-168,-0.379591402,0.021,0.201,2.31E-163
NSG2,5.27E-167,0.616698708,0.484,0.213,1.74E-162
NR4A2,3.44E-166,0.463678888,0.177,0.006,1.14E-161
TIMP3,5.80E-166,-0.503014363,0.026,0.21,1.92E-161
TMEM35A,1.38E-165,0.477213231,0.389,0.132,4.56E-161
PIFO,1.47E-165,-0.45612801,0.004,0.16,4.87E-161
FABP5,2.91E-165,0.354006676,0.8,0.586,9.63E-161
KCNQ3,8.50E-165,0.442614275,0.203,0.019,2.81E-160
KIF21A,1.10E-164,0.461596047,0.43,0.169,3.64E-160
ARPP21,7.31E-164,0.484618471,0.248,0.042,2.42E-159
VIM,1.03E-163,-0.568088604,0.567,0.789,3.41E-159
NEUROG1,1.25E-163,-0.640459368,0.043,0.243,4.12E-159
PEBP1,1.90E-163,0.375755456,0.897,0.793,6.26E-159
CIB1,3.89E-163,-0.49473043,0.084,0.31,1.29E-158
LGALS3BP,2.48E-162,-0.508838808,0.12,0.362,8.19E-158
PCP4,6.03E-162,-0.779565672,0.08,0.302,1.99E-157
GNAI1,1.13E-161,0.490698331,0.379,0.135,3.73E-157
MPPED1,2.11E-161,0.362193851,0.158,0,6.96E-157
TSC22D1,1.07E-160,0.451371598,0.745,0.513,3.54E-156
TMA7,1.30E-160,-0.394777184,0.819,0.876,4.29E-156
GPR22,5.19E-160,0.584663019,0.177,0.008,1.72E-155
PPIA,5.50E-160,0.384335293,0.893,0.789,1.82E-155
TULP1,6.31E-160,-0.432555999,0,0.146,2.09E-155
IDI1,2.59E-159,0.486231041,0.66,0.404,8.56E-155
FXYD1,4.95E-159,-0.468569024,0.029,0.209,1.64E-154
NTRK3,2.97E-158,0.436022919,0.258,0.052,9.81E-154
RPS12,3.47E-158,-0.329178506,0.974,0.975,1.15E-153
NQO1,3.92E-158,-0.445574986,0.029,0.212,1.30E-153
FGFBP3,4.35E-158,0.543485987,0.278,0.066,1.44E-153
EGR1,6.99E-158,-0.614803299,0.095,0.321,2.31E-153
PCBD1,1.58E-157,-0.47382936,0.137,0.382,5.23E-153
NUPR1,2.19E-157,-0.567214794,0.02,0.191,7.23E-153
UQCRB,9.57E-157,-0.463820108,0.7,0.816,3.16E-152
MT-ND4,1.69E-155,-0.384646784,0.955,0.968,5.60E-151
GDI1,2.23E-155,0.471070559,0.505,0.249,7.37E-151
HMGB1,2.45E-155,0.34799684,0.953,0.879,8.11E-151
FJX1,1.18E-154,0.388454772,0.221,0.033,3.89E-150
MT-CYB,2.51E-154,-0.43731924,0.926,0.951,8.31E-150
MRLN,3.63E-154,-0.470371517,0,0.141,1.20E-149
ELN,3.87E-153,-0.486167727,0.007,0.156,1.28E-148
NUDT3,4.05E-153,0.479351706,0.493,0.245,1.34E-148
KRT18,1.53E-152,-0.469157948,0.013,0.171,5.05E-148
HSPA8,1.51E-151,0.353189289,0.91,0.827,5.00E-147
PTN,2.07E-151,-0.844820499,0.477,0.718,6.86E-147
S100A16,8.03E-151,-0.325583628,0.006,0.154,2.65E-146
KLF7,9.32E-151,0.42771762,0.318,0.093,3.08E-146
ANXA5,1.43E-150,-0.474315362,0.127,0.365,4.72E-146
KCNG1,2.68E-150,0.339150536,0.167,0.008,8.85E-146
BTG1,4.96E-150,-0.703259903,0.61,0.768,1.64E-145
RUNX1T1,1.76E-149,0.574007574,0.362,0.129,5.83E-145
JPH4,3.09E-149,0.383397472,0.257,0.055,1.02E-144
IFI6,5.16E-149,-0.737252959,0.119,0.341,1.71E-144
MT-ND1,7.79E-149,-0.460641921,0.862,0.913,2.57E-144
ARHGAP21,8.50E-149,0.461383473,0.316,0.097,2.81E-144
SLF1,9.54E-149,0.525771318,0.32,0.101,3.15E-144
CLMP,1.14E-148,0.46500708,0.232,0.043,3.77E-144
PBX1,1.39E-148,0.510762602,0.53,0.286,4.58E-144
UBC,2.50E-148,0.350574066,0.928,0.857,8.26E-144
GRIA1,2.96E-148,0.428425058,0.198,0.024,9.77E-144
RUFY3,4.03E-148,0.462284018,0.501,0.248,1.33E-143
PLPPR1,6.75E-148,0.400861401,0.32,0.091,2.23E-143
GNG3,7.10E-148,0.357822691,0.497,0.215,2.35E-143
ATP2B1,8.86E-148,-0.787193929,0.246,0.477,2.93E-143
AKT3,1.73E-146,0.408602939,0.261,0.062,5.71E-142
EIF4EBP1,3.25E-146,0.469273701,0.509,0.255,1.07E-141
FTH1,1.44E-145,-0.316404785,0.991,0.997,4.75E-141
RXRG,1.84E-145,-0.408584943,0.001,0.134,6.10E-141
YBX3,1.93E-145,-0.395051646,0.048,0.235,6.39E-141
PLEKHB1,2.42E-145,-0.389304902,0.015,0.17,8.00E-141
ACTC1,8.66E-145,-0.492637178,0.001,0.134,2.86E-140
DRAXIN,1.05E-144,0.456061468,0.358,0.127,3.48E-140
FAM215B,1.41E-144,0.47676055,0.444,0.2,4.65E-140
KIDINS220,1.50E-144,0.514102876,0.439,0.201,4.97E-140
MPPED2,4.35E-144,0.463687211,0.313,0.096,1.44E-139
GJA1,4.68E-144,-0.423282452,0.01,0.156,1.55E-139
SUMO2,5.52E-144,0.302383683,0.929,0.853,1.82E-139
TPM2,6.18E-144,-0.497047375,0.065,0.264,2.04E-139
SPATS2L,6.58E-141,-0.47395451,0.063,0.253,2.18E-136
EMP3,3.03E-140,-0.508150938,0.075,0.273,1.00E-135
RASL11B,8.47E-140,0.496039929,0.24,0.052,2.80E-135
CRX,1.11E-139,-0.410203327,0.001,0.13,3.68E-135
CYP1B1,1.52E-139,-0.582033802,0.004,0.137,5.03E-135
CAMK1D,3.04E-139,0.36766133,0.254,0.06,1.01E-134
MRPL23,4.18E-139,-0.328890068,0.023,0.181,1.38E-134
NCAN,5.58E-139,0.367407001,0.218,0.039,1.84E-134
AP1S1,6.58E-139,0.427370241,0.474,0.233,2.17E-134
PCBP4,1.76E-138,-0.819501911,0.232,0.439,5.80E-134
MT1G,2.15E-138,-0.652767758,0.001,0.128,7.11E-134
LRRC3B,4.31E-138,0.378467277,0.19,0.025,1.42E-133
CACNG8,5.73E-138,0.354620819,0.169,0.014,1.90E-133
B2M,1.06E-137,-0.628381421,0.448,0.663,3.49E-133
CAP2,2.11E-137,0.394726674,0.25,0.06,6.98E-133
ENPP2,3.87E-137,-0.360676711,0.003,0.132,1.28E-132
EMX2,5.79E-137,0.519452806,0.241,0.056,1.91E-132
DPYSL2,6.42E-137,0.43823291,0.511,0.265,2.12E-132
EPHA5,3.23E-136,0.332386121,0.161,0.011,1.07E-131
CNR1,3.26E-136,0.401841217,0.204,0.032,1.08E-131
S100A10,6.87E-136,-0.508668308,0.013,0.155,2.27E-131
TCP1,2.20E-135,0.402900222,0.665,0.436,7.27E-131
CFAP126,1.76E-134,-0.46558736,0.001,0.127,5.83E-130
GNG11,1.78E-134,-0.729033329,0.078,0.268,5.90E-130
RAB13,2.43E-134,-0.459728818,0.088,0.289,8.04E-130
C1QTNF4,4.00E-134,-0.406576514,0.019,0.168,1.32E-129
HPCA,5.93E-134,0.385090488,0.236,0.05,1.96E-129
YWHAB,8.52E-134,0.417649008,0.727,0.529,2.82E-129
DLK1,1.07E-133,-0.921671513,0.011,0.151,3.54E-129
KHDRBS1,1.37E-133,0.426280492,0.706,0.503,4.53E-129
CADM4,2.45E-133,0.434021846,0.316,0.107,8.09E-129
CAVIN3,2.78E-133,-0.28660575,0.002,0.128,9.18E-129
PLTP,3.42E-133,-0.419030443,0.06,0.243,1.13E-128
CALM1,1.23E-132,0.348487259,0.875,0.748,4.08E-128
HES4,2.65E-132,-0.620349523,0.122,0.323,8.76E-128
DYNC1I2,3.14E-132,0.391228264,0.723,0.515,1.04E-127
CP,3.96E-131,-0.512352613,0.001,0.122,1.31E-126
GSN,5.06E-131,-0.424729524,0.039,0.204,1.67E-126
PAK3,5.51E-131,0.403901973,0.486,0.241,1.82E-126
CTSK,5.60E-131,-0.313969665,0.005,0.134,1.85E-126
SLCO5A1,5.72E-131,0.330654847,0.17,0.018,1.89E-126
TRMT112,1.43E-130,-0.47267638,0.566,0.729,4.74E-126
SH3GL2,1.45E-130,0.367819194,0.229,0.048,4.78E-126
EBF1,2.26E-130,-0.362380375,0.001,0.121,7.48E-126
SMARCD3,2.31E-130,0.447302892,0.326,0.119,7.62E-126
NSD3,2.73E-130,0.416991709,0.537,0.301,9.02E-126
MYL12A,2.87E-130,-0.485759322,0.157,0.377,9.47E-126
TMEM45A,6.46E-130,-0.312433037,0.014,0.155,2.13E-125
RPS23,2.84E-129,-0.25636422,0.981,0.98,9.37E-125
CTTNBP2,3.33E-129,0.395944408,0.181,0.025,1.10E-124
ALDOA,3.44E-129,-0.440228863,0.733,0.841,1.14E-124
SDSL,3.62E-129,-0.30879562,0.008,0.14,1.20E-124
NPC2,7.91E-129,-0.583872235,0.241,0.458,2.62E-124
EIF3L,8.57E-129,0.399238027,0.785,0.629,2.83E-124
PRCD,1.26E-128,-0.414030141,0.007,0.136,4.15E-124
BAIAP2-DT,2.26E-128,0.368628796,0.195,0.032,7.49E-124
KDM5B,2.44E-127,0.43274141,0.407,0.183,8.08E-123
PPIC,1.42E-126,-0.348229439,0.019,0.162,4.69E-122
B3GLCT,1.58E-126,-0.310530014,0.01,0.142,5.22E-122
CDC42EP3,1.69E-126,0.423465096,0.266,0.078,5.60E-122
CCDC112,2.63E-126,0.405631251,0.404,0.176,8.70E-122
TMEM230,3.15E-126,-0.462989544,0.245,0.472,1.04E-121
ARPC2,5.51E-126,0.388804831,0.723,0.549,1.82E-121
C2orf40,6.86E-126,-0.473059227,0.024,0.17,2.27E-121
AIPL1,1.20E-125,-0.455778975,0.001,0.117,3.96E-121
NKAIN3,1.33E-125,0.481056528,0.268,0.079,4.40E-121
APCDD1,1.63E-125,-0.358234054,0.008,0.135,5.39E-121
TPI1,4.39E-125,-0.373590633,0.809,0.892,1.45E-120
PKIB,8.53E-124,-0.979193578,0.208,0.403,2.82E-119
ZFP36,9.70E-124,-0.332653384,0.007,0.133,3.21E-119
AUTS2,2.94E-123,0.430398887,0.431,0.202,9.73E-119
MYT1L,3.60E-123,0.320918547,0.23,0.051,1.19E-118
XPR1,4.57E-122,0.445066026,0.291,0.098,1.51E-117
ATRAID,6.46E-122,-0.466639414,0.285,0.504,2.13E-117
NEUROG2,1.14E-121,0.32948096,0.149,0.012,3.77E-117
EXOC4,1.29E-121,0.439352579,0.232,0.06,4.27E-117
AC004158.1,2.23E-121,0.433723687,0.194,0.034,7.36E-117
BRD3,2.83E-121,0.430487374,0.477,0.257,9.34E-117
FGF13,6.74E-121,0.360224809,0.301,0.102,2.23E-116
NFIA,1.06E-120,0.524259701,0.575,0.366,3.51E-116
FNBP1L,4.85E-120,0.417990971,0.452,0.227,1.60E-115
RPS9,1.97E-119,-0.256825519,0.963,0.954,6.53E-115
CLSTN2,2.78E-119,-0.353332024,0.016,0.149,9.19E-115
PHF20L1,3.50E-119,0.467456133,0.418,0.207,1.16E-114
AFDN,6.56E-119,0.383538114,0.315,0.115,2.17E-114
KIF5B,7.20E-119,0.383038299,0.651,0.442,2.38E-114
EFNB1,8.74E-119,0.440423938,0.3,0.108,2.89E-114
PTP4A3,1.99E-118,-0.513102134,0.091,0.27,6.56E-114
FAM171B,2.28E-118,0.435945517,0.345,0.138,7.53E-114
PFDN2,2.82E-118,0.363008234,0.734,0.569,9.31E-114
SBK1,3.85E-118,0.355226255,0.249,0.069,1.27E-113
VOPP1,4.19E-118,0.37095611,0.307,0.11,1.39E-113
CD99,7.80E-118,-0.480746481,0.175,0.39,2.58E-113
TBCB,1.28E-117,0.373304925,0.715,0.543,4.22E-113
ITM2B,4.17E-117,-0.464695425,0.697,0.781,1.38E-112
RPS20,4.27E-117,-0.274082242,0.95,0.941,1.41E-112
C4orf3,7.76E-117,-0.488647626,0.431,0.625,2.57E-112
HNRNPK,8.54E-117,0.335055957,0.876,0.769,2.82E-112
COX8A,5.30E-116,-0.398189717,0.732,0.812,1.75E-111
THY1,1.41E-115,0.394799963,0.289,0.097,4.65E-111
RAB38,1.70E-115,-0.271811872,0.005,0.12,5.63E-111
IGSF3,3.71E-115,0.346391767,0.182,0.032,1.23E-110
SYT1,5.01E-115,0.438621694,0.588,0.361,1.65E-110
MAP2,8.16E-115,0.395861475,0.511,0.276,2.70E-110
SLIT2,8.90E-115,-0.29203434,0.011,0.133,2.94E-110
RNF182,9.51E-115,0.391024523,0.222,0.057,3.14E-110
MGST2,1.15E-114,-0.300691412,0.035,0.183,3.79E-110
ACOT7,1.70E-114,0.357573195,0.401,0.183,5.63E-110
CHST10,2.43E-114,0.355183257,0.221,0.055,8.04E-110
H1F0,3.56E-114,0.499847913,0.442,0.231,1.18E-109
HNRNPR,3.89E-114,0.375753317,0.667,0.462,1.28E-109
TFAP2C,4.87E-114,0.364109329,0.116,0.001,1.61E-109
TMEM256,5.60E-114,-0.47701569,0.312,0.519,1.85E-109
DPF1,7.62E-114,0.318615064,0.217,0.051,2.52E-109
BICD1,9.11E-114,0.350186214,0.263,0.082,3.01E-109
DLGAP4,1.11E-113,0.389128107,0.351,0.147,3.66E-109
FHIT,2.30E-113,-0.409808304,0.025,0.163,7.60E-109
SIL1,2.71E-113,-0.348403241,0.054,0.215,8.97E-109
SDC2,5.62E-113,-0.40494558,0.065,0.235,1.86E-108
TMEM160,6.23E-113,-0.491705909,0.252,0.459,2.06E-108
MKRN1,7.55E-113,0.388791003,0.542,0.331,2.49E-108
CORO1A,7.57E-113,0.320513113,0.232,0.061,2.50E-108
YWHAG,1.11E-112,0.373187339,0.525,0.304,3.68E-108
SYNE2,1.22E-112,0.504834039,0.391,0.191,4.03E-108
IDH1,1.48E-112,0.391460514,0.484,0.269,4.89E-108
RPS16,2.09E-112,-0.251870681,0.965,0.96,6.92E-108
SHISA2,2.64E-112,0.307102888,0.137,0.011,8.74E-108
NRXN1,2.85E-112,0.342184451,0.45,0.213,9.41E-108
ACTL6B,3.43E-112,0.344806452,0.227,0.057,1.13E-107
GCA,4.60E-112,0.414973295,0.287,0.104,1.52E-107
RBFOX1,5.18E-112,0.35702605,0.196,0.04,1.71E-107
S100A6,5.41E-112,-0.549735246,0.033,0.175,1.79E-107
SST,6.85E-112,-1.093078444,0,0.104,2.27E-107
GNG8,7.41E-112,-0.593416999,0.013,0.133,2.45E-107
ATP6V1C2,8.75E-112,-0.314162136,0.001,0.106,2.89E-107
FAM89B,1.38E-111,0.313036783,0.23,0.062,4.56E-107
TSPAN9,1.93E-111,-0.276383432,0.007,0.122,6.38E-107
CAMK2N1,3.51E-111,0.354972908,0.302,0.108,1.16E-106
HIBADH,6.54E-111,-0.313821192,0.038,0.185,2.16E-106
PRDX6,6.56E-111,-0.461060019,0.361,0.557,2.17E-106
VRK1,6.79E-111,0.43579819,0.258,0.083,2.25E-106
CIRBP,4.51E-110,-0.349346939,0.819,0.863,1.49E-105
PDLIM5,5.06E-110,-0.28564568,0.03,0.169,1.67E-105
PHLDA1,5.59E-110,0.493105977,0.285,0.104,1.85E-105
ARL4A,8.10E-110,-0.481663413,0.07,0.235,2.68E-105
PRAP1,1.07E-109,-0.304636103,0.002,0.107,3.55E-105
MAP4K4,1.10E-109,0.391528247,0.353,0.154,3.64E-105
MT-CO3,1.26E-109,-0.348200433,0.966,0.987,4.16E-105
MAB21L1,1.33E-109,-0.321838446,0.002,0.106,4.39E-105
WFIKKN2,1.74E-109,-0.357699312,0.001,0.105,5.75E-105
HTRA1,1.74E-109,-0.339211931,0.043,0.193,5.75E-105
CDKN2D,1.85E-109,0.332541654,0.389,0.173,6.11E-105
TRPM3,2.09E-109,-0.598555885,0.048,0.197,6.91E-105
NOL4,2.13E-109,0.316581471,0.233,0.062,7.05E-105
PCOLCE,2.98E-109,-0.46830451,0.029,0.165,9.84E-105
KPNA2,4.33E-109,0.444477921,0.414,0.203,1.43E-104
CDK6,4.69E-109,-0.34521443,0.028,0.162,1.55E-104
MEX3B,8.62E-109,0.35045091,0.276,0.094,2.85E-104
RAB33A,1.20E-108,0.357572273,0.318,0.122,3.95E-104
ATCAY,3.42E-108,0.311694292,0.224,0.058,1.13E-103
OLFM3,9.70E-108,-0.343244504,0.023,0.152,3.21E-103
PHACTR1,7.20E-107,0.324511379,0.192,0.041,2.38E-102
FKBP1A,1.06E-106,0.365843153,0.648,0.464,3.50E-102
B3GAT1,1.43E-106,0.26431474,0.139,0.014,4.73E-102
KIF9,1.48E-106,-0.43437187,0.039,0.18,4.88E-102
SPCS1,2.45E-106,-0.471849638,0.545,0.679,8.11E-102
LINC01122,2.60E-106,0.320758488,0.158,0.023,8.60E-102
KLHDC9,5.09E-106,-0.263358549,0.019,0.143,1.68E-101
GRIN2B,5.40E-106,0.300996836,0.177,0.033,1.79E-101
PHACTR3,1.45E-105,0.310659983,0.184,0.037,4.80E-101
MSRA,1.71E-105,0.392964148,0.267,0.094,5.64E-101
GSK3B,2.13E-105,0.335371073,0.295,0.11,7.02E-101
ADD2,2.47E-105,0.302317263,0.215,0.055,8.16E-101
SNCA,3.41E-105,0.439230516,0.481,0.279,1.13E-100
RBFOX3,6.83E-105,0.297866029,0.207,0.05,2.26E-100
CLDN3,9.67E-105,-0.267298153,0.004,0.108,3.20E-100
HDDC2,1.64E-104,-0.464685768,0.263,0.46,5.43E-100
WNT2B,1.71E-104,-0.489018708,0.042,0.183,5.64E-100
CLYBL,2.38E-104,-0.286165483,0.012,0.126,7.85E-100
QPRT,2.42E-104,-0.366852303,0.103,0.284,8.00E-100
TSPAN14,3.69E-104,0.345644045,0.246,0.08,1.22E-99
YTHDF2,4.89E-104,0.366359189,0.565,0.358,1.62E-99
IGF2,5.00E-104,-0.448051732,0.004,0.108,1.65E-99
CTSL,6.04E-104,-0.401354473,0.103,0.278,1.99E-99
GRM3,7.39E-104,0.276147073,0.164,0.028,2.44E-99
PSME2,1.09E-103,-0.401632997,0.145,0.336,3.61E-99
USP11,1.36E-103,0.353679701,0.662,0.48,4.50E-99
RPL36A,1.52E-103,0.345129537,0.879,0.751,5.04E-99
CXXC4,1.60E-103,-0.264721388,0.009,0.119,5.27E-99
CCN2,2.22E-103,-0.446527521,0.005,0.108,7.33E-99
LRRC7,2.40E-103,0.309484276,0.204,0.05,7.92E-99
FSTL1,3.08E-103,-0.402919294,0.089,0.26,1.02E-98
CTSD,9.46E-103,-0.423946668,0.161,0.353,3.13E-98
SPIRE1,1.41E-102,0.299163289,0.182,0.039,4.65E-98
NME5,3.03E-102,-0.317361714,0.021,0.143,1.00E-97
MT-ATP6,4.08E-102,-0.387361394,0.909,0.943,1.35E-97
PGM2L1,4.53E-102,0.351870913,0.381,0.177,1.50E-97
RNASEH2C,5.63E-102,-0.394892039,0.138,0.325,1.86E-97
TKT,7.88E-102,0.372647541,0.602,0.412,2.61E-97
SYCE1L,1.95E-101,-0.284815689,0.024,0.15,6.44E-97
CSAD,3.16E-101,0.337547963,0.232,0.071,1.04E-96
SNHG8,4.10E-101,-0.457307431,0.342,0.536,1.36E-96
NFASC,4.40E-101,0.319511335,0.19,0.044,1.45E-96
PHIP,5.05E-101,0.44796778,0.481,0.285,1.67E-96
CCT3,6.90E-101,0.348765735,0.717,0.546,2.28E-96
DUOX1,7.36E-101,0.342103295,0.258,0.086,2.43E-96
ENHO,6.98E-100,0.270835217,0.178,0.038,2.31E-95
C1orf54,7.71E-100,-0.265231219,0.029,0.158,2.55E-95
BAD,1.20E-99,-0.439674405,0.286,0.48,3.96E-95
SERP2,2.01E-99,0.326986404,0.261,0.09,6.65E-95
TAGLN3,3.90E-99,0.351908801,0.606,0.382,1.29E-94
RCN1,3.94E-99,-0.38292787,0.228,0.445,1.30E-94
IGFBP6,5.51E-99,-0.347750078,0.014,0.126,1.82E-94
FSD1,5.77E-99,0.294301382,0.271,0.096,1.91E-94
TNFRSF1A,5.88E-99,-0.25027611,0.03,0.159,1.94E-94
NOVA2,9.15E-99,0.266157396,0.153,0.024,3.02E-94
DACT1,1.00E-98,0.287579359,0.149,0.023,3.32E-94
UBA1,1.47E-98,0.35640472,0.48,0.282,4.84E-94
WDR47,2.44E-98,0.307134852,0.203,0.053,8.06E-94
RPLP0,9.15E-98,-0.251836914,0.964,0.96,3.02E-93
SATB2,1.43E-97,0.33531867,0.126,0.012,4.74E-93
RAB34,1.58E-97,-0.32435059,0.069,0.224,5.23E-93
COL6A2,1.72E-97,-0.330285777,0.033,0.162,5.69E-93
NT5C,2.23E-97,-0.348514489,0.092,0.261,7.37E-93
BEX1,3.27E-97,0.3387227,0.738,0.554,1.08E-92
GABRB2,7.24E-97,0.251828815,0.123,0.011,2.39E-92
GPR85,8.49E-97,0.369304756,0.234,0.075,2.81E-92
VAMP2,8.61E-97,0.296692449,0.754,0.588,2.85E-92
TCF7L2,1.52E-96,-0.769570449,0.057,0.201,5.04E-92
DDX6,2.19E-96,0.391257483,0.353,0.17,7.25E-92
SLC16A3,3.04E-96,-0.398829005,0.057,0.203,1.01E-91
CAMK4,3.87E-96,0.272917116,0.203,0.053,1.28E-91
ARPC5,5.68E-96,0.364559832,0.66,0.491,1.88E-91
MTF2,7.82E-96,0.337393985,0.39,0.194,2.58E-91
GRB2,2.61E-95,0.344340787,0.385,0.193,8.63E-91
GPC3,4.17E-95,-0.454390644,0.016,0.127,1.38E-90
C16orf45,5.35E-95,0.330232339,0.368,0.175,1.77E-90
REEP1,6.41E-95,0.297124842,0.224,0.069,2.12E-90
DHCR7,6.73E-95,0.371241617,0.284,0.113,2.22E-90
CDKN1C,8.59E-95,-0.261317433,0.014,0.122,2.84E-90
CUBN,8.60E-95,-0.254367799,0.006,0.104,2.84E-90
PMP22,1.31E-94,-0.285486411,0.032,0.158,4.34E-90
ABI2,1.75E-94,0.361967864,0.474,0.279,5.78E-90
LY6H,1.88E-94,0.302168856,0.495,0.278,6.21E-90
KIF3C,1.95E-94,0.282943892,0.194,0.05,6.44E-90
JAG1,9.06E-94,-0.298985509,0.018,0.129,3.00E-89
CST3,2.09E-93,-0.591073893,0.463,0.605,6.92E-89
FBXO2,2.10E-93,-0.276499762,0.012,0.115,6.94E-89
BACH2,3.86E-93,0.278909466,0.162,0.033,1.27E-88
GYPC,4.65E-93,-0.267287892,0.026,0.147,1.54E-88
LRRC24,4.90E-93,-0.284319714,0.018,0.128,1.62E-88
EOMES,6.92E-93,0.55130752,0.105,0.005,2.29E-88
KLHL35,9.32E-93,0.362609836,0.252,0.089,3.08E-88
SOX3,1.52E-92,0.400202804,0.138,0.021,5.01E-88
CAPRIN1,1.78E-92,0.3529029,0.432,0.241,5.89E-88
PHF20,1.87E-92,0.357155875,0.402,0.211,6.19E-88
CNTFR,1.94E-92,0.286589931,0.2,0.056,6.42E-88
WASF1,2.22E-92,0.346562855,0.285,0.113,7.33E-88
SOD1,2.77E-92,-0.341598243,0.736,0.811,9.15E-88
SYT11,3.41E-92,0.348408232,0.35,0.165,1.13E-87
NMB,5.75E-92,-0.319586784,0.019,0.131,1.90E-87
OST4,1.85E-91,-0.331630056,0.748,0.807,6.11E-87
ACADVL,5.95E-91,-0.399860787,0.202,0.389,1.97E-86
GFOD1,6.89E-91,0.250333663,0.154,0.029,2.28E-86
GSTP1,1.37E-90,-0.356626292,0.872,0.874,4.54E-86
DYNLT3,1.48E-90,-0.345054296,0.086,0.241,4.90E-86
CRABP1,3.90E-90,-0.847029672,0.027,0.145,1.29E-85
LMO7,4.21E-90,0.290727243,0.121,0.013,1.39E-85
DNAJC4,6.30E-90,-0.330633804,0.093,0.252,2.08E-85
LIMCH1,1.16E-89,0.349694238,0.264,0.101,3.84E-85
CHL1,1.27E-89,0.378700175,0.269,0.106,4.19E-85
CYSTM1,1.86E-89,-0.41495879,0.142,0.311,6.14E-85
PNMA1,1.99E-89,0.340269846,0.469,0.279,6.58E-85
LMNA,2.65E-89,-0.392547519,0.097,0.254,8.77E-85
CCT2,2.77E-89,0.30636595,0.671,0.497,9.17E-85
HIST1H4C,3.71E-89,0.56466289,0.457,0.272,1.23E-84
TMEM108,6.76E-89,0.338392516,0.219,0.069,2.23E-84
SET,7.42E-89,0.288030262,0.768,0.611,2.45E-84
DUT,9.00E-89,-0.341059338,0.334,0.53,2.97E-84
CLEC11A,1.81E-88,-0.369324083,0.118,0.283,6.00E-84
ZC2HC1A,3.19E-88,0.314213263,0.378,0.189,1.05E-83
CHODL,3.55E-88,-0.465456162,0.022,0.133,1.17E-83
APBB1,3.57E-88,0.314036472,0.335,0.158,1.18E-83
SRPK2,3.65E-88,0.345502002,0.48,0.286,1.21E-83
XRCC5,5.22E-88,0.327349217,0.633,0.46,1.73E-83
SELENOP,8.92E-88,-0.401957532,0.042,0.169,2.95E-83
UBE2S,1.18E-87,0.327669047,0.225,0.077,3.91E-83
B3GALT2,1.29E-87,0.280735146,0.13,0.018,4.26E-83
GRIA3,1.49E-87,0.28360973,0.169,0.04,4.92E-83
TSPAN4,1.71E-87,-0.284206206,0.051,0.184,5.66E-83
EIF4G2,2.03E-87,0.274329744,0.827,0.696,6.72E-83
NPR3,2.25E-87,0.297866788,0.101,0.005,7.43E-83
P4HA2,3.50E-87,-0.291030994,0.041,0.167,1.16E-82
SVBP,5.22E-87,0.349541222,0.538,0.357,1.73E-82
PRNP,5.25E-87,-0.422202397,0.184,0.356,1.73E-82
DDIT3,6.39E-87,-0.525565758,0.101,0.257,2.11E-82
HEBP1,6.40E-87,-0.310786089,0.076,0.223,2.12E-82
TMEM59L,8.15E-87,0.293432778,0.413,0.211,2.69E-82
DLGAP1,9.28E-87,0.253542889,0.141,0.025,3.07E-82
RSF1,1.12E-86,0.334866703,0.505,0.315,3.71E-82
FAM110B,1.16E-86,0.289441497,0.23,0.08,3.83E-82
DOK6,1.39E-86,0.270416238,0.158,0.034,4.58E-82
TTC28,1.39E-86,0.330990953,0.258,0.102,4.60E-82
MGST1,1.54E-86,-0.578177524,0.097,0.249,5.10E-82
LGALS3,2.20E-86,-0.265677092,0.014,0.115,7.27E-82
DSTN,2.57E-86,0.308956854,0.813,0.705,8.50E-82
APBA2,3.54E-86,0.303820984,0.255,0.097,1.17E-81
NEUROD4,4.67E-86,-0.488879425,0.034,0.152,1.54E-81
DDX5,7.13E-86,0.292978807,0.89,0.81,2.36E-81
PEG10,7.24E-86,0.259012558,0.514,0.309,2.39E-81
TSPO,1.04E-85,0.349229738,0.584,0.403,3.42E-81
TIAM2,1.09E-85,0.251227526,0.139,0.025,3.60E-81
PJA1,1.83E-85,0.319695284,0.388,0.207,6.06E-81
PFDN5,2.53E-85,-0.258074464,0.884,0.891,8.36E-81
C14orf132,8.63E-85,0.305392298,0.272,0.111,2.85E-80
KIF3A,1.41E-84,0.306465136,0.352,0.173,4.65E-80
LMAN1,1.52E-84,-0.313856577,0.083,0.231,5.01E-80
SERINC2,3.33E-84,0.269176454,0.183,0.05,1.10E-79
GNG2,3.44E-84,0.315048879,0.309,0.139,1.14E-79
PPP2R1A,3.79E-84,0.30628402,0.687,0.531,1.25E-79
CELF3,4.68E-84,0.272394511,0.228,0.076,1.55E-79
SRGAP3,4.68E-84,0.327283393,0.33,0.157,1.55E-79
STX7,4.72E-84,0.326377701,0.32,0.151,1.56E-79
DNAJB5,4.89E-84,0.257005659,0.176,0.045,1.62E-79
SMARCC1,9.75E-84,0.325862145,0.341,0.17,3.22E-79
THSD7A,1.03E-83,0.392846684,0.23,0.084,3.40E-79
NKAIN3-IT1,2.55E-83,0.320645548,0.181,0.051,8.44E-79
ACTR1A,2.62E-83,0.297899751,0.414,0.223,8.65E-79
ATP5IF1,2.78E-83,-0.355818484,0.685,0.78,9.19E-79
KIF1A,2.94E-82,0.330020602,0.471,0.279,9.73E-78
TPGS2,3.82E-82,0.352603681,0.488,0.307,1.26E-77
IFT57,6.46E-82,-0.397975679,0.136,0.297,2.13E-77
GPX1,7.54E-82,-0.418014032,0.52,0.652,2.49E-77
H2AFY,8.48E-82,0.308211322,0.68,0.503,2.80E-77
NBEA,1.10E-81,0.339516773,0.247,0.097,3.65E-77
ABHD14A,1.14E-81,-0.391273736,0.2,0.37,3.77E-77
AP002884.1,1.23E-81,0.283967952,0.199,0.062,4.08E-77
NINJ1,1.62E-81,-0.308050318,0.07,0.209,5.34E-77
SYBU,2.16E-81,0.27939805,0.187,0.055,7.14E-77
MAPK8,2.33E-81,0.302264534,0.302,0.136,7.69E-77
SPTAN1,2.48E-81,0.314270574,0.328,0.158,8.21E-77
PRKAG2-AS1,4.71E-81,0.256826819,0.14,0.027,1.56E-76
SETBP1,1.14E-80,0.307099632,0.206,0.07,3.76E-76
C5orf49,1.58E-80,-0.308299844,0.023,0.126,5.21E-76
NR2F1-AS1,1.96E-80,0.284563217,0.217,0.077,6.48E-76
CD151,2.13E-80,-0.36029961,0.166,0.336,7.05E-76
SWI5,2.33E-80,-0.305143806,0.11,0.265,7.69E-76
SELENOM,3.40E-80,-0.459138063,0.207,0.373,1.12E-75
HMGXB4,5.33E-80,0.310914234,0.342,0.173,1.76E-75
PRPF40A,5.39E-80,0.311893156,0.451,0.275,1.78E-75
ST3GAL1,1.05E-79,0.295801466,0.198,0.063,3.48E-75
NAA38,1.09E-79,-0.39144615,0.296,0.473,3.61E-75
CD164,1.36E-79,-0.339539548,0.17,0.341,4.50E-75
RPS27L,1.83E-79,-0.370074763,0.592,0.73,6.06E-75
NTM,2.06E-79,0.342814724,0.32,0.151,6.82E-75
VWA5A,2.83E-79,-0.28885501,0.021,0.122,9.37E-75
IGF2BP2,3.20E-79,0.300645221,0.257,0.106,1.06E-74
ACBD6,5.52E-79,0.326544965,0.321,0.159,1.83E-74
HMGCR,7.14E-79,0.293691655,0.273,0.116,2.36E-74
PPP1R17,1.06E-78,0.610410504,0.126,0.022,3.50E-74
CLIP3,1.08E-78,0.288516982,0.269,0.113,3.58E-74
SLC2A1,1.15E-78,-0.387983858,0.077,0.214,3.80E-74
SCG2,2.32E-78,-0.426626598,0.025,0.128,7.66E-74
STXBP1,3.41E-78,0.292278204,0.297,0.133,1.13E-73
SLC4A7,5.84E-78,0.293816114,0.286,0.128,1.93E-73
IFI27L2,6.52E-78,-0.38648115,0.255,0.437,2.15E-73
GLI3,7.14E-78,0.328117937,0.141,0.031,2.36E-73
TMEM205,8.89E-78,-0.36783188,0.189,0.355,2.94E-73
DPP7,1.13E-77,-0.325094683,0.112,0.264,3.72E-73
KDM1A,1.45E-77,0.285524466,0.251,0.102,4.81E-73
MVD,2.30E-77,0.331723995,0.325,0.163,7.61E-73
SH3BGRL,3.78E-77,-0.438871716,0.37,0.54,1.25E-72
AC245297.3,4.44E-77,-0.254198489,0.034,0.145,1.47E-72
WDR83OS,6.76E-77,-0.344145048,0.514,0.653,2.23E-72
UBE2T,1.10E-76,0.2899581,0.262,0.106,3.62E-72
CALM3,2.84E-76,0.293066957,0.738,0.615,9.40E-72
ILF3,3.85E-76,0.304062037,0.465,0.292,1.27E-71
NET1,5.08E-76,-0.256563876,0.029,0.134,1.68E-71
INSIG1,1.05E-75,0.34873908,0.374,0.202,3.46E-71
SCD,1.09E-75,0.327243217,0.37,0.2,3.61E-71
GSTA4,1.47E-75,0.309526999,0.615,0.452,4.86E-71
NDUFAF8,3.19E-75,-0.365622528,0.227,0.397,1.05E-70
SIAH1,3.29E-75,0.288352279,0.289,0.132,1.09E-70
C1orf194,5.55E-75,-0.296928754,0.013,0.101,1.84E-70
CCND1,6.62E-75,-0.289879908,0.037,0.148,2.19E-70
PAIP1,7.69E-75,0.306103253,0.453,0.28,2.54E-70
ZNF148,1.02E-74,0.284140418,0.334,0.169,3.39E-70
EFNA3,1.47E-74,0.275951051,0.201,0.068,4.87E-70
ASNS,1.47E-74,0.306024016,0.293,0.136,4.87E-70
TMEM132A,1.63E-74,0.277423077,0.216,0.08,5.39E-70
STC2,1.75E-74,-0.374752552,0.032,0.139,5.79E-70
ELAVL2,2.97E-74,0.26092627,0.265,0.109,9.81E-70
ANXA6,2.98E-74,-0.30903361,0.109,0.259,9.86E-70
SPTSSA,3.73E-74,-0.340981479,0.175,0.343,1.23E-69
NONO,4.44E-74,0.322487942,0.587,0.419,1.47E-69
ELOVL6,5.19E-74,0.275373579,0.201,0.069,1.72E-69
GLRX,6.52E-74,0.294701405,0.252,0.106,2.16E-69
EIF4A1,7.11E-74,0.27801852,0.762,0.627,2.35E-69
POU3F2,7.96E-74,0.299972908,0.179,0.056,2.63E-69
ATP6V1G2,9.59E-74,0.322325631,0.456,0.272,3.17E-69
RDH11,1.55E-73,0.295489859,0.434,0.261,5.12E-69
KLHDC8B,1.64E-73,-0.297759874,0.065,0.19,5.43E-69
XRN2,2.08E-73,0.318443432,0.467,0.297,6.86E-69
RBM25,2.66E-73,0.320891147,0.535,0.367,8.80E-69
ISG15,3.45E-73,-0.425877294,0.057,0.177,1.14E-68
KIF1B,4.12E-73,0.302650228,0.389,0.216,1.36E-68
EIF3H,4.15E-73,0.277410156,0.768,0.638,1.37E-68
VCAN,6.58E-73,0.2806683,0.388,0.211,2.17E-68
SNHG19,8.72E-73,-0.296216999,0.079,0.213,2.88E-68
C5orf30,1.30E-72,0.270002512,0.24,0.097,4.31E-68
SCG3,1.39E-72,0.301989472,0.389,0.207,4.60E-68
C2orf69,1.64E-72,0.286379223,0.277,0.126,5.41E-68
ZNF677,1.97E-72,0.309295383,0.273,0.124,6.52E-68
KCNQ2,3.96E-72,0.290174011,0.234,0.093,1.31E-67
RORB,7.14E-72,-0.33537068,0.056,0.175,2.36E-67
PTOV1,7.87E-72,0.296732281,0.626,0.47,2.60E-67
SAT1,9.82E-72,-0.531425084,0.331,0.497,3.25E-67
OSBPL8,1.15E-71,0.270568544,0.296,0.143,3.82E-67
NIPSNAP1,1.18E-71,0.304273608,0.354,0.19,3.92E-67
JAKMIP2,1.69E-71,0.275393568,0.221,0.085,5.59E-67
FYN,1.98E-71,0.280646832,0.276,0.127,6.55E-67
ATRX,3.18E-71,0.307891247,0.607,0.45,1.05E-66
NCOR1,3.45E-71,0.301727446,0.459,0.291,1.14E-66
GTF3A,3.54E-71,0.327301236,0.435,0.268,1.17E-66
DCTN2,6.89E-71,0.279410543,0.598,0.436,2.28E-66
IER2,1.88E-70,-0.427773381,0.296,0.458,6.23E-66
PATJ,2.81E-70,-0.317385086,0.025,0.12,9.29E-66
DIXDC1,2.88E-70,0.274707684,0.221,0.087,9.52E-66
RSPO3,3.42E-70,-0.353229904,0.03,0.13,1.13E-65
KLHDC3,3.76E-70,0.309113388,0.401,0.238,1.24E-65
BOLA3,5.61E-70,-0.337391157,0.125,0.269,1.85E-65
SCD5,5.76E-70,0.444727082,0.423,0.265,1.90E-65
ENAH,8.59E-70,0.295118458,0.455,0.282,2.84E-65
MORN2,1.18E-69,-0.369305122,0.136,0.281,3.90E-65
STX3,1.23E-69,-0.361822607,0.057,0.171,4.07E-65
C9orf116,1.40E-69,-0.257640509,0.021,0.113,4.62E-65
SH3GLB1,1.48E-69,-0.268356309,0.083,0.214,4.91E-65
BLVRB,2.01E-69,-0.333403931,0.177,0.331,6.64E-65
PAFAH1B2,3.02E-69,0.291102982,0.381,0.217,9.98E-65
BTF3L4,7.11E-69,0.262233198,0.645,0.484,2.35E-64
KCNN3,9.19E-69,0.277953695,0.135,0.033,3.04E-64
MAP1A,9.33E-69,0.297635239,0.291,0.144,3.08E-64
KMT2A,1.09E-68,0.290402376,0.344,0.186,3.61E-64
TPT1,1.94E-68,-0.281231036,0.917,0.893,6.40E-64
ANKRD11,2.11E-68,0.313702021,0.344,0.19,6.97E-64
MFAP4,3.36E-68,-0.360528985,0.048,0.158,1.11E-63
TARSL2,4.25E-68,-0.272120439,0.043,0.151,1.41E-63
KPNB1,4.75E-68,0.321148985,0.426,0.264,1.57E-63
MAP7D1,8.32E-68,0.251351685,0.309,0.155,2.75E-63
RBPJ,8.75E-68,0.35302559,0.528,0.373,2.89E-63
PPIB,1.15E-67,-0.367568554,0.569,0.672,3.79E-63
TLE1,1.34E-67,0.296731808,0.28,0.135,4.41E-63
TMEM141,1.46E-67,-0.27437613,0.09,0.222,4.84E-63
IFT22,1.67E-67,-0.344496079,0.151,0.3,5.52E-63
ZNF385D,2.01E-67,-0.286580348,0.031,0.129,6.63E-63
6-Mar,3.04E-67,0.288068059,0.448,0.28,1.00E-62
ARL6IP4,8.04E-67,-0.355627395,0.342,0.498,2.66E-62
LMNB1,1.69E-66,0.305146497,0.245,0.108,5.60E-62
AHI1,2.71E-66,-0.343479046,0.087,0.213,8.97E-62
PRDX4,2.77E-66,-0.343165972,0.444,0.584,9.15E-62
TMEM206,3.03E-66,0.29457495,0.248,0.112,1.00E-61
TRIM24,3.10E-66,0.267657664,0.211,0.084,1.02E-61
COL9A1,3.42E-66,-0.294064557,0.029,0.123,1.13E-61
TSPAN5,6.01E-66,0.283582001,0.384,0.221,1.99E-61
NTPCR,7.28E-66,-0.3144358,0.143,0.289,2.41E-61
KMT2C,7.31E-66,0.264815688,0.276,0.133,2.42E-61
APLP1,8.35E-66,0.276342252,0.518,0.343,2.76E-61
COMT,8.37E-66,-0.30465393,0.06,0.173,2.77E-61
GRN,9.48E-66,-0.275877667,0.11,0.247,3.13E-61
CSTB,1.39E-65,-0.385955155,0.535,0.648,4.59E-61
PAK1,2.33E-65,0.260929929,0.249,0.11,7.70E-61
SFPQ,3.94E-65,0.332157474,0.509,0.361,1.30E-60
PABPC1,4.00E-65,0.284030019,0.723,0.599,1.32E-60
KLC1,6.66E-65,0.250327252,0.581,0.412,2.20E-60
DTD1,8.55E-65,0.276664572,0.457,0.29,2.82E-60
CADPS,8.60E-65,-0.49086596,0.098,0.22,2.84E-60
MFAP2,1.21E-64,-0.257205726,0.066,0.185,4.01E-60
ROBO2,1.47E-64,0.253975846,0.184,0.065,4.86E-60
CCT6A,1.75E-64,0.267262198,0.574,0.412,5.77E-60
ST6GALNAC5,1.96E-64,-0.386473648,0.05,0.155,6.48E-60
BAZ1A,2.16E-64,0.30373497,0.286,0.143,7.14E-60
KIFAP3,2.31E-64,0.278433974,0.371,0.213,7.63E-60
SSRP1,2.71E-64,0.299416993,0.408,0.253,8.96E-60
SSR4,2.99E-64,-0.322625916,0.672,0.738,9.89E-60
PSENEN,3.60E-64,-0.36327774,0.235,0.393,1.19E-59
MRPL57,3.77E-64,-0.362054825,0.37,0.515,1.25E-59
CTSC,3.86E-64,-0.323168225,0.032,0.127,1.28E-59
TOMM20,4.95E-64,0.276494531,0.517,0.358,1.64E-59
UBE3A,7.81E-64,0.276685128,0.418,0.258,2.58E-59
PPP2R5E,1.19E-63,0.279189958,0.399,0.24,3.92E-59
LAMP2,1.40E-63,-0.250193272,0.065,0.181,4.63E-59
TAOK3,1.42E-63,0.252693764,0.322,0.172,4.68E-59
TMEM14C,2.20E-63,-0.325995014,0.316,0.477,7.27E-59
RPL22L1,2.96E-63,-0.313386877,0.18,0.333,9.80E-59
CXADR,3.50E-63,0.332924204,0.612,0.476,1.16E-58
SH3BP5,3.86E-63,0.26514421,0.298,0.151,1.28E-58
OSTC,4.58E-63,-0.370217804,0.378,0.519,1.51E-58
NME1,4.78E-63,0.265934862,0.605,0.453,1.58E-58
IVNS1ABP,2.54E-62,0.331104877,0.301,0.16,8.39E-58
IFI27,4.58E-62,-0.392154588,0.027,0.116,1.51E-57
MEAF6,1.12E-61,0.256105265,0.63,0.478,3.71E-57
GBE1,1.62E-61,-0.264143365,0.035,0.129,5.35E-57
UQCR10,3.33E-61,-0.266485207,0.792,0.83,1.10E-56
EMC2,3.53E-61,-0.314219191,0.145,0.285,1.17E-56
PLAC9,3.85E-61,-0.354893903,0.037,0.133,1.27E-56
APRT,4.16E-61,-0.342281201,0.314,0.462,1.37E-56
NAV1,7.46E-61,0.279833413,0.244,0.115,2.47E-56
SRRM2,8.73E-61,0.298027628,0.489,0.342,2.88E-56
HNRNPA2B1,9.58E-61,0.252397885,0.866,0.79,3.17E-56
PSMD14,1.49E-60,0.255925238,0.397,0.245,4.93E-56
NAP1L1,1.68E-60,0.312480888,0.853,0.746,5.55E-56
SLC12A2,1.84E-60,-0.38849257,0.049,0.151,6.09E-56
ZC3H13,2.00E-60,0.283225573,0.427,0.273,6.62E-56
ARID4B,2.84E-60,0.283304673,0.399,0.248,9.40E-56
DHPS,3.81E-60,0.267515487,0.487,0.327,1.26E-55
CSNK1E,4.26E-60,0.259171971,0.399,0.244,1.41E-55
ECH1,4.76E-60,-0.343053025,0.347,0.497,1.57E-55
CREB5,4.92E-60,0.298232324,0.189,0.073,1.63E-55
VPS26B,5.48E-60,0.26833884,0.268,0.133,1.81E-55
C16orf87,5.51E-60,0.280915024,0.394,0.242,1.82E-55
EZH2,9.10E-60,0.278141712,0.225,0.1,3.01E-55
CA12,1.14E-59,0.285170041,0.171,0.062,3.76E-55
SPATS2,1.84E-59,0.282150319,0.333,0.189,6.08E-55
PNCK,3.10E-59,-0.331525957,0.054,0.155,1.02E-54
HSDL1,3.23E-59,0.256730932,0.302,0.159,1.07E-54
METTL9,1.01E-58,0.256495443,0.554,0.401,3.35E-54
TCERG1,1.09E-58,0.255120744,0.282,0.145,3.62E-54
HSPB11,1.14E-58,-0.338779402,0.168,0.308,3.76E-54
BCL7A,1.70E-58,0.254799454,0.31,0.165,5.63E-54
SERPINI1,1.87E-58,0.331388845,0.209,0.087,6.20E-54
PTPN4,2.45E-58,0.280633401,0.213,0.093,8.11E-54
TUBA1B,2.49E-58,0.282832237,0.942,0.894,8.23E-54
GNB1,3.13E-58,0.254430452,0.375,0.228,1.03E-53
PDLIM7,3.60E-58,-0.291043653,0.132,0.265,1.19E-53
MRPS33,4.09E-58,-0.312567609,0.249,0.401,1.35E-53
MLF1,5.64E-58,-0.368557673,0.166,0.297,1.87E-53
CHCHD5,7.44E-58,-0.277856678,0.141,0.277,2.46E-53
MIDN,1.40E-57,0.260734081,0.278,0.144,4.63E-53
ITM2C,1.78E-57,-0.35678721,0.216,0.36,5.88E-53
ECHS1,1.88E-57,-0.309604109,0.325,0.476,6.23E-53
SLC39A6,2.67E-57,0.266642719,0.414,0.262,8.84E-53
KRT10,2.84E-57,-0.332032027,0.404,0.544,9.40E-53
TCEAL2,3.23E-57,0.255639964,0.399,0.243,1.07E-52
KNOP1,3.53E-57,0.282003434,0.471,0.319,1.17E-52
TCIM,5.95E-57,0.275689863,0.112,0.026,1.97E-52
QDPR,7.06E-57,0.279763891,0.328,0.188,2.33E-52
DNPH1,1.01E-56,-0.315253794,0.232,0.376,3.33E-52
PARP1,1.54E-56,0.266326405,0.575,0.422,5.10E-52
NME3,1.97E-56,-0.31782009,0.276,0.424,6.52E-52
IMMP1L,2.16E-56,-0.297934276,0.163,0.301,7.14E-52
PDLIM4,2.26E-56,-0.273385834,0.149,0.286,7.48E-52
PTP4A1,2.87E-56,0.266003834,0.464,0.312,9.48E-52
TMEM258,3.38E-56,-0.276004201,0.66,0.738,1.12E-51
MCUR1,5.30E-56,0.307265058,0.293,0.162,1.75E-51
IGFBP4,6.14E-56,-0.291039768,0.044,0.139,2.03E-51
NDUFAF3,7.51E-56,-0.355466996,0.383,0.518,2.48E-51
CALR,8.16E-56,-0.329679532,0.519,0.624,2.70E-51
TOP2B,9.87E-56,0.267084292,0.336,0.196,3.26E-51
APEX1,1.22E-55,0.254702635,0.575,0.431,4.05E-51
LAMTOR4,2.25E-55,-0.311245806,0.48,0.596,7.42E-51
WSB1,2.45E-55,0.255599478,0.708,0.566,8.09E-51
KCNQ1OT1,2.93E-55,-0.386680428,0.239,0.379,9.68E-51
DZIP3,5.31E-55,-0.31894436,0.12,0.244,1.75E-50
OLA1,5.75E-55,0.257012968,0.439,0.291,1.90E-50
DHRS7,7.06E-55,-0.276374055,0.152,0.29,2.33E-50
DPCD,9.11E-55,-0.297345717,0.159,0.294,3.01E-50
PGAP1,9.46E-55,0.278469565,0.188,0.079,3.13E-50
P4HTM,1.04E-54,-0.270233691,0.118,0.241,3.43E-50
SCG5,1.43E-54,0.286668906,0.545,0.399,4.72E-50
MYC,2.07E-54,-0.260645848,0.051,0.148,6.84E-50
SEC11A,2.22E-54,-0.325223733,0.392,0.522,7.32E-50
PHPT1,4.75E-54,-0.290811732,0.717,0.77,1.57E-49
RBBP4,5.77E-54,0.282771023,0.528,0.387,1.91E-49
TANK,5.86E-54,0.268205373,0.299,0.166,1.94E-49
CDKN1B,6.29E-54,0.257551852,0.304,0.169,2.08E-49
BNIP3L,6.70E-54,0.291984051,0.59,0.449,2.21E-49
MAP1LC3A,7.18E-54,-0.455229062,0.471,0.579,2.37E-49
GFAP,1.31E-53,-0.478272422,0.025,0.104,4.34E-49
TMED10,6.30E-53,-0.316277698,0.246,0.382,2.08E-48
ZFHX4,6.75E-53,-0.25528771,0.144,0.28,2.23E-48
IRF2BPL,7.13E-53,0.250730717,0.273,0.147,2.36E-48
YIF1A,9.22E-53,-0.295461363,0.227,0.367,3.05E-48
TNPO1,9.67E-53,0.266418289,0.313,0.182,3.19E-48
CTBP2,1.04E-52,0.252619441,0.254,0.13,3.45E-48
ALKBH7,1.08E-52,-0.331026846,0.429,0.555,3.57E-48
AURKAIP1,1.17E-52,-0.314633461,0.489,0.597,3.87E-48
RAB5C,1.22E-52,0.257407595,0.462,0.323,4.02E-48
C19orf53,1.23E-52,-0.296133362,0.525,0.631,4.05E-48
DMAC1,1.31E-52,-0.322937705,0.343,0.475,4.33E-48
SELENOK,1.48E-52,-0.329257218,0.505,0.618,4.89E-48
ETV1,2.64E-52,0.287541745,0.149,0.054,8.72E-48
PSIP1,2.93E-52,0.252874895,0.658,0.525,9.68E-48
ROMO1,3.82E-52,-0.308455807,0.463,0.577,1.26E-47
HSPA5,8.65E-52,-0.353564517,0.367,0.507,2.86E-47
UQCC3,1.28E-51,-0.272626776,0.19,0.327,4.23E-47
SIGIRR,1.81E-51,0.274351318,0.24,0.123,5.98E-47
SRSF4,3.04E-51,0.262890303,0.477,0.33,1.01E-46
CELF1,1.56E-50,0.265248722,0.386,0.247,5.16E-46
ZEB2,1.64E-50,0.283130017,0.259,0.138,5.43E-46
MT-ND5,1.80E-50,-0.269673716,0.769,0.809,5.94E-46
RPL7L1,2.73E-50,0.255144342,0.443,0.3,9.01E-46
LRPAP1,3.47E-50,-0.31416619,0.284,0.419,1.15E-45
GARS,4.96E-50,0.255891812,0.313,0.181,1.64E-45
SMIM30,7.23E-50,-0.294594599,0.322,0.463,2.39E-45
LDB2,7.32E-50,0.292117031,0.181,0.079,2.42E-45
CSNK2A1,7.81E-50,0.262688821,0.318,0.189,2.58E-45
HSPE1,1.34E-49,-0.284032718,0.657,0.73,4.44E-45
THRAP3,2.47E-49,0.267570982,0.444,0.307,8.15E-45
COX14,1.76E-48,-0.259856899,0.206,0.343,5.83E-44
PTPRS,2.73E-48,0.347243337,0.328,0.194,9.03E-44
PLPPR5,3.71E-48,-0.505978001,0.13,0.232,1.23E-43
DECR1,5.79E-48,-0.255420353,0.145,0.272,1.91E-43
SVIP,1.19E-47,-0.379214482,0.158,0.277,3.94E-43
PRKX,2.23E-47,0.325834111,0.243,0.131,7.38E-43
SBNO1,2.66E-47,0.265794521,0.386,0.252,8.79E-43
GADD45B,4.19E-47,-0.287084276,0.029,0.105,1.39E-42
GNAS,4.41E-47,-0.34623786,0.54,0.626,1.46E-42
TECR,1.29E-46,-0.382939908,0.377,0.505,4.26E-42
COL6A1,1.49E-46,-0.279695248,0.129,0.245,4.93E-42
NECAB1,1.65E-46,-0.262375464,0.07,0.168,5.46E-42
FMC1,1.67E-46,-0.290941959,0.218,0.347,5.52E-42
CXXC5,1.93E-46,-0.272441184,0.151,0.272,6.39E-42
VKORC1,3.20E-46,-0.302972361,0.345,0.476,1.06E-41
LAGE3,3.29E-46,-0.295966613,0.302,0.431,1.09E-41
CUTA,4.46E-46,-0.265472949,0.698,0.747,1.47E-41
PNKD,6.38E-46,-0.27430586,0.234,0.367,2.11E-41
C6orf48,1.17E-45,-0.292937667,0.581,0.661,3.87E-41
TMCO1,1.78E-45,-0.305566019,0.388,0.513,5.87E-41
KTN1,3.14E-45,-0.31982268,0.39,0.505,1.04E-40
SCARB2,4.21E-45,-0.310149933,0.21,0.332,1.39E-40
RNF145,5.98E-45,-0.272215538,0.124,0.235,1.98E-40
NDUFC1,8.04E-45,-0.315006182,0.468,0.571,2.66E-40
GUK1,1.26E-44,-0.272748321,0.694,0.755,4.17E-40
SEC62,1.41E-44,-0.299083089,0.627,0.703,4.68E-40
UBXN4,1.64E-44,-0.298574479,0.419,0.54,5.43E-40
SSTR2,2.45E-44,0.289176552,0.368,0.231,8.09E-40
ARL1,4.48E-44,-0.252864776,0.154,0.273,1.48E-39
NKAIN4,8.17E-44,-0.312670162,0.091,0.191,2.70E-39
JKAMP,1.54E-43,-0.25263468,0.164,0.284,5.10E-39
SSR3,1.82E-43,-0.289445097,0.245,0.373,6.02E-39
AK1,3.43E-43,-0.398606667,0.321,0.436,1.13E-38
C1orf122,8.12E-43,-0.302552516,0.405,0.513,2.69E-38
AC090498.1,1.18E-42,-0.27775133,0.244,0.369,3.88E-38
CISD2,1.35E-42,-0.272328239,0.235,0.361,4.46E-38
ANKRD37,1.86E-42,-0.309209934,0.096,0.196,6.14E-38
PSAP,1.25E-41,-0.272359943,0.614,0.679,4.14E-37
KDELR2,1.34E-41,-0.308503358,0.356,0.473,4.43E-37
TAX1BP1,1.60E-41,-0.305329383,0.368,0.485,5.30E-37
TIMM8B,2.09E-41,-0.288248418,0.477,0.574,6.91E-37
MESP1,2.38E-41,-0.269270315,0.123,0.227,7.87E-37
ZFP36L1,8.79E-41,-0.258516539,0.176,0.301,2.90E-36
MYDGF,9.27E-41,-0.288893471,0.334,0.456,3.06E-36
IFI27L1,1.59E-40,-0.26350073,0.191,0.308,5.24E-36
CTNNB1,2.47E-40,-0.458120951,0.275,0.402,8.17E-36
MT-ND4L,3.99E-40,-0.279637603,0.216,0.338,1.32E-35
SMC4,4.03E-40,0.299388588,0.186,0.091,1.33E-35
NDUFB5,4.86E-40,-0.28669862,0.404,0.516,1.61E-35
HERPUD1,5.64E-40,-0.344687181,0.269,0.39,1.86E-35
GADD45A,1.55E-39,-0.256712033,0.079,0.169,5.14E-35
DEK,4.86E-39,0.26905706,0.457,0.337,1.61E-34
APLP2,1.39E-38,-0.293401293,0.36,0.475,4.61E-34
SELENOF,3.19E-38,-0.272580826,0.37,0.483,1.05E-33
MICOS10,1.07E-37,-0.307451034,0.39,0.498,3.53E-33
RPS19BP1,1.08E-37,-0.26318029,0.343,0.462,3.58E-33
CD59,9.35E-37,-0.285767389,0.228,0.34,3.09E-32
BCAT1,1.22E-36,-0.383480035,0.051,0.123,4.02E-32
SMDT1,2.64E-36,-0.260337314,0.465,0.571,8.72E-32
P4HB,3.89E-36,-0.278081825,0.382,0.486,1.29E-31
LGMN,5.74E-36,-0.255197617,0.13,0.23,1.90E-31
GK5,1.66E-35,-0.250605696,0.043,0.112,5.50E-31
SCOC,5.88E-35,-0.311014671,0.46,0.557,1.94E-30
NDUFB7,7.87E-35,-0.251974705,0.607,0.676,2.60E-30
TTYH1,9.44E-35,0.348656994,0.338,0.229,3.12E-30
CCNG1,3.20E-34,-0.252009901,0.348,0.46,1.06E-29
DAD1,3.95E-34,-0.271505618,0.537,0.616,1.31E-29
GIHCG,5.22E-34,-0.258100033,0.156,0.258,1.72E-29
GLUL,6.43E-34,-0.303687209,0.305,0.414,2.13E-29
DARS,9.62E-34,-0.256764429,0.255,0.371,3.18E-29
NCKAP5,3.29E-33,-0.334660672,0.15,0.24,1.09E-28
BNIP3,6.95E-33,-0.348903971,0.481,0.584,2.30E-28
GCSH,1.05E-32,-0.253978061,0.315,0.426,3.48E-28
TCEAL9,1.21E-32,-0.280322761,0.528,0.609,4.01E-28
MRPL33,6.72E-32,-0.255494268,0.399,0.502,2.22E-27
TCEAL8,4.26E-30,-0.256314786,0.458,0.545,1.41E-25
PLK2,7.52E-30,0.290529967,0.271,0.177,2.48E-25
DNAJB9,4.63E-29,-0.347962866,0.286,0.385,1.53E-24
PDIA3,8.28E-28,-0.264795184,0.462,0.539,2.74E-23
HSP90B1,1.41E-27,-0.25654381,0.502,0.576,4.68E-23
INSM1,1.58E-27,-0.306052401,0.105,0.178,5.22E-23
PEA15,9.08E-27,0.314673423,0.326,0.234,3.00E-22
TPM1,7.71E-26,-0.438200312,0.322,0.398,2.55E-21
NHLH1,9.24E-26,0.267709682,0.109,0.05,3.05E-21
NDRG1,2.82E-25,-0.287072051,0.119,0.192,9.33E-21
MRPS6,7.06E-25,-0.28649622,0.537,0.596,2.33E-20
CHGA,5.73E-24,-0.280811401,0.113,0.181,1.90E-19
PSAT1,6.07E-23,-0.330312274,0.224,0.307,2.01E-18
FBLN1,1.52E-22,-0.384257727,0.228,0.308,5.01E-18
PPP1R15A,2.63E-22,-0.252764663,0.22,0.305,8.68E-18
CETN2,2.26E-21,-0.300541454,0.383,0.453,7.47E-17
4-Sep,2.80E-21,-0.253250463,0.083,0.143,9.26E-17
IGFBP2,3.65E-21,-0.306019977,0.442,0.5,1.20E-16
CASP3,5.55E-21,-0.416489074,0.166,0.235,1.83E-16
PLPPR4,2.13E-20,-0.251679371,0.077,0.133,7.04E-16
GPM6B,1.18E-19,-0.271346983,0.607,0.485,3.89E-15
IGFBP5,1.51E-18,-0.293476408,0.338,0.419,4.98E-14
WRB,1.01E-17,-0.252509911,0.513,0.569,3.35E-13
SOX2,7.61E-15,0.442167174,0.24,0.19,2.51E-10
SFRP2,7.77E-14,-0.449542449,0.069,0.112,2.57E-09
SYT4,1.57E-13,-0.296323508,0.139,0.188,5.18E-09
JUN,8.64E-10,-0.256822691,0.55,0.575,2.86E-05
PCLAF,1.13E-07,0.284259121,0.118,0.087,0.003738673
CHGB,0.00083887,-0.260286311,0.16,0.175,1